roughness,relative_ior,angle_degrees,single_scatter,compensated,reflected,transmitted_power,iid_standard_error_proxy
0.08,0.4166666666666667,0.0,0.9999923706054688,0.9999976754188538,0.16954270005226135,0.83045494556427,8.18936405266868e-06
0.08,0.4166666666666667,35.0,0.9999905824661255,0.9999922513961792,0.17248612642288208,0.8275061249732971,8.903598427423276e-06
0.08,0.4166666666666667,60.0,0.9999588131904602,1.0000646114349365,0.20926497876644135,0.7907997369766235,9.026016050484031e-05
0.08,0.4166666666666667,85.0,0.9977974891662598,1.0018235445022583,0.6168371438980103,0.38498643040657043,0.0018703655805438757
0.08,0.6666666666666666,0.0,1.0,1.0000026226043701,0.04000856354832649,0.9599941968917847,7.654078899577144e-07
0.08,0.6666666666666666,35.0,0.9999980926513672,0.9999990463256836,0.04306773468852043,0.9569313526153564,4.426960913406219e-06
0.08,0.6666666666666666,60.0,0.9999741315841675,1.000065565109253,0.08924633264541626,0.9108195304870605,8.746109233470634e-05
0.08,0.6666666666666666,85.0,0.9978152513504028,1.00167715549469,0.6067479848861694,0.3949289619922638,0.0018011118518188596
0.08,0.9090909090909091,0.0,1.0,1.0,0.002265921561047435,0.9977341294288635,1.2521605974313843e-08
0.08,0.9090909090909091,35.0,0.9999961853027344,1.0000014305114746,0.002693108282983303,0.9973083734512329,2.8608678803720977e-07
0.08,0.9090909090909091,60.0,0.9999798536300659,1.0000721216201782,0.01306680403649807,0.987005352973938,8.512267959304154e-05
0.08,0.9090909090909091,85.0,0.9981873631477356,1.001413106918335,0.42850789427757263,0.5729051828384399,0.0016679366817697883
0.08,1.1,0.0,0.9999923706054688,0.9999927878379822,0.0022658873349428177,0.9977268576622009,7.629443643963896e-06
0.08,1.1,35.0,0.9999699592590332,0.9999735355377197,0.0030017057433724403,0.9969719648361206,1.5619676560163498e-05
0.08,1.1,60.0,0.9998391270637512,0.9999781847000122,0.06281042098999023,0.9371676445007324,5.880410026293248e-05
0.08,1.1,85.0,0.996525764465332,1.0019909143447876,1.0009855031967163,0.0010055196471512318,0.0017449383158236742
0.08,1.1278195488721805,0.0,0.9999923706054688,0.9999927282333374,0.003608577186241746,0.9963841438293457,7.630504114786163e-06
0.08,1.1278195488721805,35.0,0.9999695420265198,1.00009286403656,0.004883293993771076,0.9952095746994019,0.00010466336243553087
0.08,1.1278195488721805,60.0,0.9997515082359314,0.9999544620513916,0.16891101002693176,0.831043541431427,5.0415626901667565e-05
0.08,1.1278195488721805,85.0,0.9966297745704651,1.0020875930786133,1.00104820728302,0.0010391473770141602,0.001693632104434073
0.08,1.5,0.0,0.999961793422699,1.0000337362289429,0.0400974340736866,0.959936261177063,3.128691605525091e-05
0.08,1.5,35.0,0.999927282333374,0.9999797344207764,0.08742412179708481,0.9125555157661438,2.3400252757710405e-05
0.08,1.5,60.0,0.9998971819877625,0.9999887347221375,0.9998570680618286,0.00013165085692889988,3.373686195118353e-05
0.08,1.5,85.0,0.9968656897544861,1.002517819404602,1.0013641119003296,0.0011536547681316733,0.001712193014100194
0.08,2.4,0.0,0.999961793422699,1.0000338554382324,0.1697504073381424,0.8302832841873169,3.2259340514428914e-05
0.08,2.4,35.0,0.9999489784240723,0.9999980926513672,0.9998098015785217,0.00018833999638445675,2.1961828679195605e-05
0.08,2.4,60.0,0.9998745322227478,0.9999675750732422,0.9999450445175171,2.251931255159434e-05,3.433013262110762e-05
0.08,2.4,85.0,0.9969120025634766,1.001245379447937,1.000693917274475,0.0005514706717804074,0.0008692842675372958
0.35,0.4166666666666667,0.0,0.9960753917694092,1.000043272972107,0.16685271263122559,0.8331905603408813,0.00018482026644051075
0.35,0.4166666666666667,35.0,0.9944409728050232,1.0000590085983276,0.1697637289762497,0.8302952647209167,0.00020859064534306526
0.35,0.4166666666666667,60.0,0.9855114221572876,1.0000197887420654,0.19903527200222015,0.8009843230247498,0.00031233925255946815
0.35,0.4166666666666667,85.0,0.9255755543708801,0.9997513890266418,0.34914785623550415,0.6506035923957825,0.0006549859535880387
0.35,0.6666666666666666,0.0,0.9982060194015503,0.9999900460243225,0.03958692401647568,0.9604031443595886,0.0001274036621907726
0.35,0.6666666666666666,35.0,0.9968246817588806,1.0000760555267334,0.043603163212537766,0.9564727544784546,0.00015721067029517144
0.35,0.6666666666666666,60.0,0.9884845018386841,1.000014066696167,0.0846136286854744,0.9154004454612732,0.0002933703362941742
0.35,0.6666666666666666,85.0,0.9241929650306702,0.9997804760932922,0.29449090361595154,0.7052896618843079,0.0007073655724525452
0.35,0.9090909090909091,0.0,0.9995470643043518,0.9999916553497314,0.002314141020178795,0.9976774454116821,8.396993507631123e-05
0.35,0.9090909090909091,35.0,0.9979360699653625,1.0000816583633423,0.0032337945885956287,0.996847927570343,0.0001692749938229099
0.35,0.9090909090909091,60.0,0.9901375770568848,0.9999978542327881,0.014627470634877682,0.9853705763816833,0.0003725506248883903
0.35,0.9090909090909091,85.0,0.9202173948287964,1.0001626014709473,0.1630227118730545,0.8371397852897644,0.0010771203087642789
0.35,1.1,0.0,0.9963574409484863,1.000044822692871,0.005409911274909973,0.9946349263191223,0.000258923158980906
0.35,1.1,35.0,0.9905498623847961,1.0001760721206665,0.01182849146425724,0.988347589969635,0.0003981498011853546
0.35,1.1,60.0,0.9434674382209778,1.0000550746917725,0.20901286602020264,0.7910422086715698,0.0008834946784190834
0.35,1.1,85.0,0.769711971282959,1.0003129243850708,0.9324759244918823,0.0678369328379631,0.0019414870766922832
0.35,1.1278195488721805,0.0,0.9952833652496338,0.9999843239784241,0.007653712760657072,0.9923307299613953,0.00027116978890262544
0.35,1.1278195488721805,35.0,0.9877283573150635,1.000054121017456,0.016877777874469757,0.9831762909889221,0.00042499726987443864
0.35,1.1278195488721805,60.0,0.9346038699150085,1.0001139640808105,0.36221855878829956,0.6378952264785767,0.0008705010986886919
0.35,1.1278195488721805,85.0,0.7883464694023132,1.0004724264144897,0.9446291327476501,0.05584320053458214,0.0017368943663313985
0.35,1.5,0.0,0.9832429885864258,1.0001375675201416,0.05868488550186157,0.9414525628089905,0.0003919094742741436
0.35,1.5,35.0,0.9722478985786438,1.000335693359375,0.24645715951919556,0.7538784146308899,0.00043917461880482733
0.35,1.5,60.0,0.9455392956733704,1.0003386735916138,0.9621565341949463,0.03818220645189285,0.0006337969680316746
0.35,1.5,85.0,0.8587938547134399,0.9997918605804443,0.9788278341293335,0.02096395567059517,0.001000872696749866
0.35,2.4,0.0,0.98201984167099,1.0001620054244995,0.22887249290943146,0.7712894678115845,0.00035815429873764515
0.35,2.4,35.0,0.9716055393218994,1.000308632850647,0.9489519000053406,0.05135653167963028,0.00042789638973772526
0.35,2.4,60.0,0.9524987936019897,1.0003727674484253,0.9916702508926392,0.0087025947868824,0.0005279399920254946
0.35,2.4,85.0,0.8822104930877686,0.9997090697288513,0.9907205104827881,0.008988591842353344,0.0007753415266051888
0.65,0.4166666666666667,0.0,0.9455769062042236,1.0001156330108643,0.1331178843975067,0.8669978380203247,0.0005506605375558138
0.65,0.4166666666666667,35.0,0.9330335855484009,1.0001583099365234,0.13426196575164795,0.8658962249755859,0.0005675518186762929
0.65,0.4166666666666667,60.0,0.9000157117843628,1.0001237392425537,0.14721620082855225,0.8529075980186462,0.0006237969500944018
0.65,0.4166666666666667,85.0,0.902701735496521,0.9998392462730408,0.21880511939525604,0.7810340523719788,0.00048252023407258093
0.65,0.6666666666666666,0.0,0.9769394993782043,1.000064730644226,0.033462777733802795,0.9666019678115845,0.00037772717769257724
0.65,0.6666666666666666,35.0,0.9618432521820068,1.0001965761184692,0.037533171474933624,0.962663471698761,0.00040339495171792805
0.65,0.6666666666666666,60.0,0.9154757261276245,1.000158667564392,0.057586438953876495,0.9425723552703857,0.0005095035885460675
0.65,0.6666666666666666,85.0,0.8784358501434326,0.9998688101768494,0.12959909439086914,0.870269775390625,0.00045955850509926677
0.65,0.9090909090909091,0.0,0.9945617914199829,1.0000392198562622,0.003016935894265771,0.9970224499702454,0.00023179188428912312
0.65,0.9090909090909091,35.0,0.9765615463256836,1.0001096725463867,0.0076258243061602116,0.9924838542938232,0.0003603486402425915
0.65,0.9090909090909091,60.0,0.9147156476974487,1.0001760721206665,0.025300901383161545,0.9748751521110535,0.0006647747941315174
0.65,0.9090909090909091,85.0,0.7892894744873047,0.9997280240058899,0.08508574217557907,0.9146422743797302,0.000992109184153378
0.65,1.1,0.0,0.9580203294754028,1.0000790357589722,0.0346340574324131,0.9654449224472046,0.0006913576507940888
0.65,1.1,35.0,0.9159318208694458,1.0002731084823608,0.06905340403318405,0.931219756603241,0.0008744274382479489
0.65,1.1,60.0,0.7533382177352905,0.9996753931045532,0.2664682865142822,0.7332071661949158,0.001254709786735475
0.65,1.1,85.0,0.46455591917037964,0.9997228980064392,0.757921040058136,0.24180199205875397,0.0021437827963382006
0.65,1.1278195488721805,0.0,0.9462772011756897,1.0001096725463867,0.04622343182563782,0.9538860321044922,0.0007487314287573099
0.65,1.1278195488721805,35.0,0.8950722813606262,1.0000319480895996,0.0906369686126709,0.9093947410583496,0.0009431508951820433
0.65,1.1278195488721805,60.0,0.735366940498352,0.9990915060043335,0.33243682980537415,0.666654646396637,0.0012017299886792898
0.65,1.1278195488721805,85.0,0.497304767370224,0.9997453093528748,0.8024433851242065,0.19730207324028015,0.001999187981709838
0.65,1.5,0.0,0.8134094476699829,0.999999463558197,0.21686694025993347,0.7831325531005859,0.0011468292213976383
0.65,1.5,35.0,0.7632818818092346,0.9999275803565979,0.43944427371025085,0.5604832172393799,0.0010681776329874992
0.65,1.5,60.0,0.7007275223731995,0.9997122287750244,0.7779277563095093,0.22178444266319275,0.0011051829205825925
0.65,1.5,85.0,0.7312273979187012,1.0000767707824707,0.9446194767951965,0.05545704439282417,0.0012072823010385036
0.65,2.4,0.0,0.7660877108573914,1.0002118349075317,0.5586827993392944,0.4415290653705597,0.0011251646792516112
0.65,2.4,35.0,0.7322406768798828,1.0000736713409424,0.8347979187965393,0.16527599096298218,0.0011222263565286994
0.65,2.4,60.0,0.7290725111961365,0.9998152256011963,0.9372738599777222,0.06254123896360397,0.001104667317122221
0.65,2.4,85.0,0.8450321555137634,0.9998419880867004,0.9798447489738464,0.019997375085949898,0.0008430696907453239
1.0,0.4166666666666667,0.0,0.7802243232727051,1.0000219345092773,0.06853751838207245,0.9314844608306885,0.0010222059208899736
1.0,0.4166666666666667,35.0,0.7445327639579773,1.0000191926956177,0.07865728437900543,0.9213619828224182,0.0009530537063255906
1.0,0.4166666666666667,60.0,0.6968422532081604,1.0000064373016357,0.10302922129631042,0.8969772458076477,0.0008668008958920836
1.0,0.4166666666666667,85.0,0.7883619070053101,0.9996265172958374,0.17131108045578003,0.8283154964447021,0.0006368925678543746
1.0,0.6666666666666666,0.0,0.8932955265045166,0.9999851584434509,0.02835608460009098,0.9716292023658752,0.0007461126078851521
1.0,0.6666666666666666,35.0,0.8387912511825562,0.9999446272850037,0.03878141567111015,0.9611630439758301,0.0006516884895972908
1.0,0.6666666666666666,60.0,0.7418380379676819,0.9999668598175049,0.06121726334095001,0.938749372959137,0.0005948887555859983
1.0,0.6666666666666666,85.0,0.7514021396636963,0.9996400475502014,0.09752114862203598,0.9021189212799072,0.000517729262355715
1.0,0.9090909090909091,0.0,0.9719833731651306,0.9999955296516418,0.00961035955697298,0.9903851747512817,0.00046114230644889176
1.0,0.9090909090909091,35.0,0.8958922624588013,1.0000563859939575,0.03394167870283127,0.9661146402359009,0.0004979831865057349
1.0,0.9090909090909091,60.0,0.7557194232940674,1.0000733137130737,0.07943543046712875,0.9206380844116211,0.00065448391251266
1.0,0.9090909090909091,85.0,0.6559972763061523,0.9995795488357544,0.12121083587408066,0.8783684968948364,0.0007659540278837085
1.0,1.1,0.0,0.8034193515777588,0.9999289512634277,0.13517417013645172,0.8647549152374268,0.0012966456124559045
1.0,1.1,35.0,0.7780313491821289,1.000321865081787,0.15333986282348633,0.8469818234443665,0.0011154668172821403
1.0,1.1,60.0,0.6352384090423584,0.9997347593307495,0.2655740976333618,0.7341606020927429,0.0010510055581107736
1.0,1.1,85.0,0.3689463436603546,0.999943196773529,0.553459107875824,0.4464840888977051,0.0014806176768615842
1.0,1.1278195488721805,0.0,0.7591067552566528,0.9996419548988342,0.17242076992988586,0.8272212147712708,0.001401756308041513
1.0,1.1278195488721805,35.0,0.7438762187957764,0.9999358654022217,0.18445630371570587,0.815479576587677,0.0012016656110063195
1.0,1.1278195488721805,60.0,0.6161946058273315,0.9995473027229309,0.2999977767467499,0.6995494961738586,0.0010496911127120256
1.0,1.1278195488721805,85.0,0.36385607719421387,0.9992552995681763,0.6073881983757019,0.39186716079711914,0.0014799778582528234
1.0,1.5,0.0,0.4170955717563629,0.9996795058250427,0.5227994322776794,0.4768800735473633,0.0018717314815148711
1.0,1.5,35.0,0.4666970372200012,0.9999043345451355,0.5334754586219788,0.4664289355278015,0.0016089100390672684
1.0,1.5,60.0,0.5128277540206909,0.9997757077217102,0.5957423448562622,0.4040333032608032,0.0012224818347021937
1.0,1.5,85.0,0.5150949358940125,0.9997989535331726,0.8588303923606873,0.14096862077713013,0.0013885374646633863
1.0,2.4,0.0,0.3090001046657562,0.9999460577964783,0.8230406045913696,0.176905557513237,0.0014655663399025798
1.0,2.4,35.0,0.3491515517234802,0.9998598694801331,0.8290437459945679,0.17081615328788757,0.0014489337336272001
1.0,2.4,60.0,0.45610296726226807,1.0001041889190674,0.8466096520423889,0.15349441766738892,0.0013652474153786898
1.0,2.4,85.0,0.6966715455055237,0.9998277425765991,0.9489267468452454,0.05090109631419182,0.0011621853336691856
